{
    "1": [
        1.7202164649963378,
        4.212510633468628
    ],
    "10": [
        15.69081163406372,
        5.704847717285157
    ],
    "20": [
        30.909802770614625,
        11.029716157913208
    ],
    "30": [
        46.26844334602356,
        11.842795896530152
    ],
    "40": [
        61.41757245063782,
        18.72183504104614
    ],
    "50": [
        76.3761538028717,
        18.278774166107176
    ],
    "60": [
        92.1750403881073,
        20.605677127838135
    ],
    "70": [
        106.2875864982605,
        20.94369888305664
    ],
    "80": [
        123.12417449951172,
        28.318129539489746
    ],
    "90": [
        137.45817761421205,
        27.63300232887268
    ],
    "100": [
        153.27761273384095,
        32.63868894577026
    ]
}