{
    "1": [
        2.0623271465301514,
        10.285623836517335
    ],
    "10": [
        19.044829750061034,
        19.193324851989747
    ],
    "20": [
        37.41771988868713,
        33.51448268890381
    ],
    "30": [
        55.59332809448242,
        41.933751821517944
    ],
    "40": [
        75.43959164619446,
        52.44646959304809
    ],
    "50": [
        92.8955689907074,
        70.02750926017761
    ],
    "60": [
        111.72568473815917,
        92.2876582622528
    ],
    "70": [
        127.70307197570801,
        88.85213866233826
    ],
    "80": [
        147.5546194076538,
        87.80790634155274
    ],
    "90": [
        166.44480566978456,
        123.39819207191468
    ],
    "100": [
        183.14247817993163,
        121.81868524551392
    ]
}