{
    "1": [
        6.836956024169922,
        1.6737353801727295,
        4.185529708862305
    ],
    "2": [
        15.84320592880249,
        2.993481397628784,
        8.143102169036865
    ]
}