{
    "1": [
        0.5662912368774414,
        4.185517883300781
    ],
    "10": [
        4.6028471946716305,
        6.030491590499878
    ],
    "20": [
        9.05349268913269,
        9.53304591178894
    ],
    "30": [
        13.030607175827026,
        10.555345296859741
    ],
    "40": [
        17.667653369903565,
        14.515128755569458
    ],
    "50": [
        21.920577335357667,
        15.311949205398559
    ],
    "60": [
        25.728470182418825,
        18.001795864105226
    ],
    "70": [
        30.144025802612305,
        19.602721834182738
    ],
    "80": [
        34.29077496528625,
        18.297736501693727
    ],
    "90": [
        38.36189785003662,
        26.047466897964476
    ],
    "100": [
        43.67507095336914,
        26.95836329460144
    ]
}